{
  "project_info": {
    "project_number": "457720725018",
    "project_id": "eventify-me-otz3dm",
    "storage_bucket": "eventify-me-otz3dm.appspot.com"
  },
  "client": [
    {
      "client_info": {
        "mobilesdk_app_id": "1:457720725018:android:82cedac3a3a65a56561ba3",
        "android_client_info": {
          "package_name": "com.mycompany.project1"
        }
      },
      "oauth_client": [],
      "api_key": [
        {
          "current_key": "AIzaSyAsEJlqulCNsfQGxfVtTK9qRAT0OLsV-EQ"
        }
      ],
      "services": {
        "appinvite_service": {
          "other_platform_oauth_client": []
        }
      }
    }
  ],
  "configuration_version": "1"
}